B0,B0,B0,B0,B0,B0,B0,B0,B0,B0,B0,B0,B0,B0,B0,B0,B0,B0,B0,B0,B0,B0,B0,B0,B0,B0,B0,B0,B0,B0,B0,B0,B0,B0,B0,B0,B0,B0,B0,B0,B0,B0,B0,B0,B0,B0,B0,B0,B0,B0,B0,B0,B0,B0,B0,B0,B0,B0,B0,B0,B0,B0,B0,B0,B0,B0,B0,B0,B0,B0,B0,B0,B0,B0,B0,B0,B0,B0,B0,B0,B0,B0,B0,B0,B0,B0,B0,B0,B0,B0,B0,B0,B0,B0,B0,B0,B0,B0,B0,B0
B0,,,,,,,,,,,,,,,,,,,,,,,,,,,,,,,,,,,,,,,,,,,,,,,,,,,,,,,,,,,,,,,,,,,,,,,,,,,,,,,,,,,,,,,,,,,,,,,,,,,B0
B0,,,,,,,,,,,,,,,,,,,,,,,,,,,,,,,,,,,,,,,,,,,,,,,,,,,,,,,,,,,,,,,,,,,,,,,,,,,,,,,,,,,,,,,,,,,,,,,,,,,B0
B0,,,,,,,,,,,,,,,,,,,,,,,,,,,,,,,,,,,,,,,,,,,,,,,,,,,,,,,,,,,,,,,,,,,,,,,,,,,,,,,,,,,,,,,,,,,,,,,,,,,B0
B0,,,,,,,,,,,,,,,,,,,,,,,,,,,,,,,,,,,,,,,,,,,,,,,,,,,,,,,,,,,,,,,,,,,,,,,,,,,,,,,,,,,,,,,,,,,,,,,,,,,B0
B0,,,,,,,,,,,,,,,,,,,,,,,,,,,,,,,,,,,,,,,,,,,,,,,,,,,,,,,,,,,,,,,,,,,,,,,,,,,,,,,,,,,,,,,,,,,,,,,,,,,B0
B0,,,,,,,P0,,,,,,,,,,,,,,,,,,,,,,,,,,,,,,,,,,,,,,,,,,,,,,,,,,,,,,,,,,,,,,,,,,,,,,,,,,,,,,,,,,,,,,,,,,,,B0
B0,,,,,,,,,,,,,,,,,,,,,,,,,,,,,,,,,,,,,,,,,,,,,,,,,,,,,,,,,,,,,,,,,,,,,,,,,,,,,,,,,,,,,,,,,,,,,,,,,,,B0
B0,,,,,,,,,,,,,,,,,,,,,,,,,,,,,,,,,,,,,,,,,,,,,,,,,,,,,,,,,,,,,,,,,,,,,,,,,,,,,,,,,,,,,,,,,,,,,,,,,,,B0
B0,,,,,,,,,,,,,,,,,,,,,,,,,,,,,,,,,,,,,,,,,,,,,,,,,,,,,,,,,,,,,,,,,,,,,,,,,,,,,,,,,,,,,,,,,,,,,,,,,,,B0
B0,,,,,,,,,,,,,,,,,,,,,,,,,,,,,,,,,,,,,,,,,,,,,,,,,,,,,,,,,,,,,,,,,,,,,,,,,,,,,,,,,,,,,,,,,,,,,,,,,,,B0
B0,,,,,,,,,,,,,,,,,B0,,B0,,,,,,,,,,,,,,,,,,,,,,,,,,,,,,,,,,,,,,,,,,,,,,,,,,,,,,,,,,,,,,,,,,,,,,,,,,,,,,,,B0
B0,,,,,,,,,,,,,,,,,,,B0,,,,,,,,,,,,,,,,,,,,,,,,,,,,,,,,,,,,,,,,,,,,,,,,,,,,,,,,,,,,,,,,,,,,,,,,,,,,,,,,B0
B0,,,,,,,,,,,,,,,,,,,B0,,,,,,,,,,,,,,,,,,,,,,,,,,,,,,,,,,,,,,,,,,,,,,,,,,,,,,,,,,,,,,,,,,,,,,,,,,,,,,,,B0
B0,,,,,,,,,,,,,,,,,,,B0,B0,B0,B0,B0,B0,B0,B0,B0,B0,B0,B0,B0,B0,,,,,,,,,,,,,,,,,,,,,,,,,,,,,,,,,,,,,,,,,,,,,,,,,,,,,,,,,,,,,,,,,,,B0
B0,,,,,,,,,,,,,,,,,,,,,,,,,E0,,E10,,E0,,E1,,,,,,,,,,,,,,,,,,,,,,,,,,,,,,,,,,,,,,,,,,,,,,,,,,,,,,,,,,,,,,,,,,,,B0
B0,,,,,,,,,,,,,,,,,,,,,,,,E0,,E1,,E0,,E1,,,,,,,,,,,,,,,,,,,,,,,,,,,,,,,,,,,,,,,,,,,,,,,,,,,,,,,,,,,,,,,,,,,,,B0
B0,,,,,,,,,,,,,,B0,,,,,,,,,E0,,E1,,E0,,E1,,,,,,,,,,,,,,,,,,,,,,,,,,,,,,,,,,,,,,,,,,,,,,,,,,,,,,,,,,,,,,,,,,,,,,B0
B0,,,,,,,,,,,,,,,,,B0,,,,,E0,,E1,,E0,,E1,,,,,,,,,,,,,,,,,,,,,,,,,,,,,,,,,,,,,,,,,,,,,,,,,,,,,,,,,,,,,,,,,,,,,,,B0
B0,B0,B0,B0,B0,B0,B0,B0,B0,B0,B0,B0,B0,B0,B0,B0,B0,B0,B0,B0,B0,B0,B0,B0,B0,B0,B0,B0,B0,B0,B0,B0,B0,B0,B0,B0,B0,B0,B0,B0,B0,B0,B0,B0,B0,B0,B0,B0,B0,B0,B0,B0,B0,B0,B0,B0,B0,B0,B0,B0,B0,B0,B0,B0,B0,B0,B0,B0,B0,B0,B0,B0,B0,B0,B0,B0,B0,B0,B0,B0,B0,B0,B0,B0,B0,B0,B0,B0,B0,B0,B0,B0,B0,B0,B0,B0,B0,B0,B0,B0